timestamp,open,high,low,close,volume
2025-01-01 00:00:00,103.28,106.04,103.26,104.23,96126.081
2025-01-01 04:00:00,104.23,105.38,103.75,104.16,39389.127
2025-01-01 08:00:00,104.17,104.33,102.03,103.74,71465.023
2025-01-01 12:00:00,103.73,105.3,103.58,104.93,80015.679
2025-01-01 16:00:00,104.91,107.22,104.0,107.19,135764.585
2025-01-01 20:00:00,107.2,108.14,104.67,105.24,127311.865
2025-01-02 00:00:00,105.23,108.08,105.05,105.62,115766.476
2025-01-02 04:00:00,105.64,107.13,105.44,106.05,87253.99
2025-01-02 08:00:00,106.05,107.07,105.6,106.38,131067.72
2025-01-02 12:00:00,106.38,108.75,105.83,106.29,175521.729
2025-01-02 16:00:00,106.28,106.91,104.77,105.11,91750.24
2025-01-02 20:00:00,105.13,105.61,104.61,105.14,59526.65
2025-01-03 00:00:00,105.14,106.89,104.89,106.38,82559.633
2025-01-03 04:00:00,106.38,106.38,104.11,104.64,67125.596
2025-01-03 08:00:00,104.63,107.65,104.54,107.55,78383.594
2025-01-03 12:00:00,107.53,109.77,107.19,109.35,144174.129
2025-01-03 16:00:00,109.35,113.69,108.91,113.26,146528.955
2025-01-03 20:00:00,113.27,114.83,112.36,112.71,122036.425
2025-01-04 00:00:00,112.72,112.88,110.7,112.12,86548.056
2025-01-04 04:00:00,112.14,112.14,110.97,111.79,42957.564
2025-01-04 08:00:00,111.79,112.26,110.52,111.39,73878.893
2025-01-04 12:00:00,111.38,112.78,110.07,110.7,74194.029
2025-01-04 16:00:00,110.69,111.37,110.47,111.03,43190.82
2025-01-04 20:00:00,111.03,111.7,110.85,111.21,40956.714
2025-01-05 00:00:00,111.22,111.85,110.58,111.84,42965.592
2025-01-05 04:00:00,111.84,112.96,111.65,111.89,41076.777
2025-01-05 08:00:00,111.89,112.17,110.71,111.64,60155.36
2025-01-05 12:00:00,111.63,112.87,110.8,112.29,63021.67
2025-01-05 16:00:00,112.29,113.06,111.57,112.65,54737.673
2025-01-05 20:00:00,112.65,116.17,112.64,115.72,109578.846
2025-01-06 00:00:00,115.72,116.92,113.76,115.57,136005.922
2025-01-06 04:00:00,115.58,115.99,113.21,113.59,88350.324
2025-01-06 08:00:00,113.59,114.1,112.56,113.6,72476.497
2025-01-06 12:00:00,113.6,115.4,111.64,114.41,137780.633
2025-01-06 16:00:00,114.41,117.38,113.95,114.58,166848.949
2025-01-06 20:00:00,114.57,114.63,113.01,114.01,61508.009
2025-01-07 00:00:00,114.0,114.9,112.8,113.32,92064.181
2025-01-07 04:00:00,113.33,113.98,112.39,112.92,54496.917
2025-01-07 08:00:00,112.92,113.55,110.83,111.45,78536.759
2025-01-07 12:00:00,111.5,111.66,104.21,106.15,329127.195
2025-01-07 16:00:00,106.16,106.62,102.92,103.62,183027.235
2025-01-07 20:00:00,103.63,104.04,102.07,102.72,91130.654
2025-01-08 00:00:00,102.71,105.03,102.66,103.09,83819.887
2025-01-08 04:00:00,103.12,103.78,100.54,102.59,145567.879
2025-01-08 08:00:00,102.58,103.87,101.25,102.13,75951.027
2025-01-08 12:00:00,102.14,103.33,101.52,102.84,86707.036
2025-01-08 16:00:00,102.83,103.16,97.21,100.24,265909.358
2025-01-08 20:00:00,100.21,102.24,99.48,101.43,72264.427
2025-01-09 00:00:00,101.43,102.5,100.35,101.66,60749.135
2025-01-09 04:00:00,101.66,102.65,100.3,101.06,84767.206
2025-01-09 08:00:00,101.05,103.99,100.69,103.99,116354.076
2025-01-09 12:00:00,103.98,105.5,99.88,105.17,176958.744
2025-01-09 16:00:00,105.18,105.85,101.86,102.08,133626.148
2025-01-09 20:00:00,102.1,103.26,100.55,102.23,89472.398
2025-01-10 00:00:00,102.23,104.45,102.07,104.4,59293.889
2025-01-10 04:00:00,104.4,105.93,103.41,105.14,64156.498
2025-01-10 08:00:00,105.14,105.64,103.82,104.51,56982.931
2025-01-10 12:00:00,104.5,106.14,102.06,104.72,204201.322
2025-01-10 16:00:00,104.72,106.27,103.76,106.1,85339.026
2025-01-10 20:00:00,106.1,106.19,103.8,103.96,48236.59
2025-01-11 00:00:00,103.94,104.14,102.85,103.44,37011.316
2025-01-11 04:00:00,103.44,103.86,102.99,103.67,28280.176
2025-01-11 08:00:00,103.68,104.74,103.11,103.4,41145.102
2025-01-11 12:00:00,103.4,103.67,102.67,103.25,41379.93
2025-01-11 16:00:00,103.24,103.54,102.17,102.65,51058.721
2025-01-11 20:00:00,102.66,104.97,102.42,104.39,111854.611
2025-01-12 00:00:00,104.4,105.27,103.67,104.76,46023.447
2025-01-12 04:00:00,104.75,104.93,103.52,103.93,24954.611
2025-01-12 08:00:00,103.94,104.1,102.57,103.11,36737.326
2025-01-12 12:00:00,103.12,103.41,102.3,102.86,81865.695
2025-01-12 16:00:00,102.87,104.45,102.62,103.92,58949.099
2025-01-12 20:00:00,103.92,103.97,101.35,102.34,44509.702
2025-01-13 00:00:00,102.35,104.47,99.91,100.6,113130.495
2025-01-13 04:00:00,100.61,101.81,98.41,98.9,76662.043
2025-01-13 08:00:00,98.9,99.01,93.92,93.99,164634.714
2025-01-13 12:00:00,94.0,97.32,92.57,96.25,214281.744
2025-01-13 16:00:00,96.25,96.65,94.19,95.2,100776.265
2025-01-13 20:00:00,95.22,98.99,94.65,98.37,83659.06
2025-01-14 00:00:00,98.38,99.92,97.52,99.43,90915.605
2025-01-14 04:00:00,99.43,99.9,97.93,97.98,52305.708
2025-01-14 08:00:00,97.99,100.99,97.99,99.64,75888.51
2025-01-14 12:00:00,99.62,100.96,98.83,100.64,74956.016
2025-01-14 16:00:00,100.62,101.86,99.73,101.54,73635.654
2025-01-14 20:00:00,101.55,102.57,100.86,102.45,60617.485
2025-01-15 00:00:00,102.45,103.34,101.9,102.48,56365.054
2025-01-15 04:00:00,102.5,102.8,101.62,102.45,49688.352
2025-01-15 08:00:00,102.45,103.18,100.75,101.31,79372.381
2025-01-15 12:00:00,101.31,106.19,100.86,105.23,201637.98
2025-01-15 16:00:00,105.24,106.06,104.36,105.95,113944.172
2025-01-15 20:00:00,105.95,118.68,105.28,116.96,523643.632
2025-01-16 00:00:00,116.96,122.0,114.04,118.76,648957.129
2025-01-16 04:00:00,118.77,121.01,117.83,119.09,294261.096
2025-01-16 08:00:00,119.09,120.6,116.31,118.78,320980.933
2025-01-16 12:00:00,118.75,127.16,115.71,126.56,773958.661
2025-01-16 16:00:00,126.61,130.49,124.27,127.59,607588.479
2025-01-16 20:00:00,127.59,128.49,122.36,124.41,341133.527
2025-01-17 00:00:00,124.44,134.22,124.44,133.86,442101.727
2025-01-17 04:00:00,133.81,141.22,132.54,137.94,836636.765
2025-01-17 08:00:00,137.93,139.1,134.99,137.05,445008.459
2025-01-17 12:00:00,137.06,138.14,133.0,134.86,414722.767
2025-01-17 16:00:00,134.85,137.38,134.33,136.07,274240.245
2025-01-17 20:00:00,136.08,138.63,134.63,137.04,195270.378
2025-01-18 00:00:00,137.04,139.6,128.9,129.68,396946.62
2025-01-18 04:00:00,129.68,130.65,124.17,125.22,520229.122
2025-01-18 08:00:00,125.22,127.98,123.52,127.64,298019.979
2025-01-18 12:00:00,127.64,130.33,126.07,126.22,262393.539
2025-01-18 16:00:00,126.24,126.7,123.58,125.7,227788.538
2025-01-18 20:00:00,125.71,126.01,123.23,125.4,124575.383
2025-01-19 00:00:00,125.41,128.66,124.24,124.28,195589.664
2025-01-19 04:00:00,124.27,124.35,118.89,119.86,355972.586
2025-01-19 08:00:00,119.87,119.87,114.21,115.15,443745.679
2025-01-19 12:00:00,115.15,124.93,114.92,124.33,476415.534
2025-01-19 16:00:00,124.31,125.67,122.55,123.91,169611.52
2025-01-19 20:00:00,123.92,124.6,111.0,115.57,653359.701
2025-01-20 00:00:00,115.56,118.84,112.88,116.65,435190.173
2025-01-20 04:00:00,116.63,127.97,115.39,121.24,449753.921
2025-01-20 08:00:00,121.25,124.71,119.41,121.52,290787.544
2025-01-20 12:00:00,121.51,122.2,116.51,119.27,227250.889
2025-01-20 16:00:00,119.28,121.84,113.04,120.18,407176.863
2025-01-20 20:00:00,120.15,121.06,116.54,118.58,89521.147
2025-01-21 00:00:00,118.58,119.31,114.37,116.79,198939.434
2025-01-21 04:00:00,116.79,116.96,113.69,115.96,130324.703
2025-01-21 08:00:00,115.95,121.43,115.14,121.25,177449.387
2025-01-21 12:00:00,121.26,124.88,118.03,120.01,325733.804
2025-01-21 16:00:00,120.01,122.74,119.66,121.08,156972.817
2025-01-21 20:00:00,121.08,121.13,118.07,119.11,115009.816
2025-01-22 00:00:00,119.11,120.27,117.78,118.15,71670.525
2025-01-22 04:00:00,118.15,118.17,115.73,116.2,122457.477
2025-01-22 08:00:00,116.2,117.44,115.18,117.19,126479.452
2025-01-22 12:00:00,117.19,117.48,114.67,115.73,137965.177
2025-01-22 16:00:00,115.73,118.11,115.33,117.61,91043.379
2025-01-22 20:00:00,117.59,118.13,114.22,115.38,93047.295
2025-01-23 00:00:00,115.38,115.63,113.05,114.32,90066.998
2025-01-23 04:00:00,114.31,114.38,112.44,113.39,70626.408
2025-01-23 08:00:00,113.39,113.57,111.24,112.38,74928.667
2025-01-23 12:00:00,112.37,116.76,111.44,115.96,156603.293
2025-01-23 16:00:00,115.96,117.21,113.11,113.81,106897.874
2025-01-23 20:00:00,113.8,116.79,113.08,116.42,155455.166
2025-01-24 00:00:00,116.42,116.61,112.82,115.28,119824.342
2025-01-24 04:00:00,115.27,117.28,114.41,117.14,106759.462
2025-01-24 08:00:00,117.14,119.2,116.85,117.71,87932.334
2025-01-24 12:00:00,117.72,122.99,117.15,122.13,232831.224
2025-01-24 16:00:00,122.15,122.6,118.34,119.02,106849.808
2025-01-24 20:00:00,119.03,122.9,116.44,118.71,333147.981
2025-01-25 00:00:00,118.71,125.6,118.04,124.06,315397.492
2025-01-25 04:00:00,124.05,124.95,120.9,121.22,183204.237
2025-01-25 08:00:00,121.23,122.73,120.41,122.44,107281.565
2025-01-25 12:00:00,122.44,128.33,122.34,128.04,415436.543
2025-01-25 16:00:00,128.04,129.35,125.67,126.86,254882.233
2025-01-25 20:00:00,126.85,127.25,123.34,123.92,114684.356
2025-01-26 00:00:00,123.93,124.54,123.1,123.75,91378.254
2025-01-26 04:00:00,123.76,125.08,123.41,124.2,77206.823
2025-01-26 08:00:00,124.2,125.1,121.41,122.74,118038.319
2025-01-26 12:00:00,122.73,123.03,121.63,122.22,76418.819
2025-01-26 16:00:00,122.22,122.39,120.8,121.83,71249.304
2025-01-26 20:00:00,121.82,122.47,116.9,117.11,133860.715
2025-01-27 00:00:00,117.07,117.89,113.13,114.85,245875.693
2025-01-27 04:00:00,114.85,114.85,106.31,109.66,290654.797
2025-01-27 08:00:00,109.66,109.77,106.17,106.86,195993.283
2025-01-27 12:00:00,106.86,113.65,106.62,112.25,261097.266
2025-01-27 16:00:00,112.25,113.25,109.16,110.49,107279.863
2025-01-27 20:00:00,110.5,115.84,110.32,115.06,110693.866
2025-01-28 00:00:00,115.05,116.14,112.78,115.0,107428.75
2025-01-28 04:00:00,115.0,116.95,114.7,116.11,96266.585
2025-01-28 08:00:00,116.11,116.33,113.86,114.57,115111.562
2025-01-28 12:00:00,114.57,115.6,113.25,114.24,124673.253
2025-01-28 16:00:00,114.25,115.05,111.99,113.0,127350.624
2025-01-28 20:00:00,113.0,113.11,109.1,109.92,121023.019
2025-01-29 00:00:00,109.92,113.64,109.85,113.34,69827.254
2025-01-29 04:00:00,113.34,115.07,112.87,114.72,54742.556
2025-01-29 08:00:00,114.72,115.01,112.86,113.11,73470.001
2025-01-29 12:00:00,113.11,113.75,110.92,111.66,86318.652
2025-01-29 16:00:00,111.67,114.86,109.87,112.94,186884.818
2025-01-29 20:00:00,112.94,119.49,111.8,115.9,328154.075
2025-01-30 00:00:00,115.9,121.77,114.22,121.18,228752.823
2025-01-30 04:00:00,121.18,131.67,121.18,127.39,567953.164
2025-01-30 08:00:00,127.39,130.65,126.54,128.75,255341.263
2025-01-30 12:00:00,128.75,134.0,128.74,131.14,488976.925
2025-01-30 16:00:00,131.14,131.9,128.11,128.67,218206.358
2025-01-30 20:00:00,128.68,130.65,126.69,130.15,154765.883
2025-01-31 00:00:00,130.15,130.92,125.72,125.97,176950.837
2025-01-31 04:00:00,125.98,130.59,125.78,129.29,151715.864
2025-01-31 08:00:00,129.28,135.32,128.54,132.17,278893.665
2025-01-31 12:00:00,132.16,132.42,128.89,130.51,226211.248
2025-01-31 16:00:00,130.52,130.85,126.16,126.42,144331.985
2025-01-31 20:00:00,126.41,128.69,125.21,128.09,170953.6
2025-02-01 00:00:00,128.09,130.64,126.34,129.47,151908.983
2025-02-01 04:00:00,129.48,131.24,125.72,126.47,218919.108
2025-02-01 08:00:00,126.48,127.18,122.96,124.25,326187.33
2025-02-01 12:00:00,124.25,124.61,121.21,122.46,175133.868
2025-02-01 16:00:00,122.45,123.56,120.32,120.98,123912.987
2025-02-01 20:00:00,120.98,122.4,117.62,118.04,187178.705
2025-02-02 00:00:00,118.05,121.41,112.99,114.23,285223.166
2025-02-02 04:00:00,114.24,117.38,113.49,115.56,191885.781
2025-02-02 08:00:00,115.55,118.21,113.6,113.88,143188.222
2025-02-02 12:00:00,113.88,117.21,113.71,115.33,159814.337
2025-02-02 16:00:00,115.33,115.34,107.22,110.9,463905.799
2025-02-02 20:00:00,110.9,112.18,104.02,109.12,325440.73
2025-02-03 00:00:00,109.13,109.16,80.04,93.34,1483914.746
2025-02-03 04:00:00,93.35,99.53,89.74,99.34,531704.79
2025-02-03 08:00:00,99.31,99.5,95.16,97.3,332657.808
2025-02-03 12:00:00,97.3,104.19,92.7,103.13,662109.124
2025-02-03 16:00:00,103.11,106.95,101.13,106.5,343466.177
2025-02-03 20:00:00,106.5,108.96,103.25,106.91,260903.38
2025-02-04 00:00:00,106.91,108.76,104.01,104.52,154221.121
2025-02-04 04:00:00,104.54,105.16,98.87,99.4,290950.731
2025-02-04 08:00:00,99.4,103.18,98.76,100.92,178196.063
2025-02-04 12:00:00,100.93,105.49,100.93,102.71,245644.431
2025-02-04 16:00:00,102.71,106.21,101.75,102.21,171777.416
2025-02-04 20:00:00,102.21,103.36,98.42,101.07,263155.673
2025-02-05 00:00:00,101.08,104.06,100.47,102.94,140659.196
2025-02-05 04:00:00,102.94,103.55,101.6,102.64,92765.53
2025-02-05 08:00:00,102.63,106.97,102.23,106.77,135907.288
2025-02-05 12:00:00,106.77,109.45,104.71,107.59,332838.718
2025-02-05 16:00:00,107.59,108.1,103.12,105.78,234102.324
2025-02-05 20:00:00,105.78,106.01,101.75,103.38,111645.577
2025-02-06 00:00:00,103.38,106.02,103.12,105.4,104182.17
2025-02-06 04:00:00,105.4,108.48,105.11,107.09,150130.279
2025-02-06 08:00:00,107.1,109.66,106.24,106.81,176010.452
2025-02-06 12:00:00,106.82,107.13,101.14,101.99,294437.174
2025-02-06 16:00:00,102.0,102.86,99.49,99.87,293386.178
2025-02-06 20:00:00,99.87,102.34,99.67,101.66,101196.546
2025-02-07 00:00:00,101.66,106.01,101.49,104.06,145792.838
2025-02-07 04:00:00,104.06,105.31,102.65,105.1,75077.092
2025-02-07 08:00:00,105.1,105.82,104.11,105.0,98682.872
2025-02-07 12:00:00,105.0,108.13,104.3,106.1,251296.573
2025-02-07 16:00:00,106.1,106.29,102.77,102.91,140083.789
2025-02-07 20:00:00,102.91,103.53,100.57,103.11,141066.762
2025-02-08 00:00:00,103.11,105.04,102.73,103.76,91485.11
2025-02-08 04:00:00,103.76,104.28,102.43,103.0,107326.497
2025-02-08 08:00:00,103.0,103.7,102.27,102.88,88090.874
2025-02-08 12:00:00,102.88,103.46,101.75,102.55,95049.375
2025-02-08 16:00:00,102.55,104.92,102.01,104.49,65798.797
2025-02-08 20:00:00,104.5,105.17,104.19,104.69,42713.609
2025-02-09 00:00:00,104.69,107.65,104.21,107.52,82416.139
2025-02-09 04:00:00,107.52,108.02,105.91,106.9,143282.322
2025-02-09 08:00:00,106.89,107.22,105.5,106.5,65997.331
2025-02-09 12:00:00,106.51,108.81,104.54,108.02,174095.862
2025-02-09 16:00:00,108.02,109.18,105.85,106.04,114856.156
2025-02-09 20:00:00,106.03,108.37,102.28,107.2,167772.623
2025-02-10 00:00:00,107.2,114.14,107.13,112.43,442326.92
2025-02-10 04:00:00,112.43,115.56,111.81,115.29,255836.442
2025-02-10 08:00:00,115.29,118.5,115.0,118.01,318785.371
2025-02-10 12:00:00,118.0,120.1,116.05,118.05,353828.729
2025-02-10 16:00:00,118.04,122.48,117.63,119.45,336929.454
2025-02-10 20:00:00,119.45,121.52,118.69,120.21,155413.649
2025-02-11 00:00:00,120.21,126.78,117.81,126.6,473656.715
2025-02-11 04:00:00,126.59,132.48,125.27,129.38,643211.629
2025-02-11 08:00:00,129.38,131.21,126.06,128.02,325452.177
2025-02-11 12:00:00,128.02,129.85,124.32,125.09,403154.64
2025-02-11 16:00:00,125.1,125.91,117.88,118.81,379865.869
2025-02-11 20:00:00,118.82,121.62,118.71,119.27,245457.8
2025-02-12 00:00:00,119.26,119.81,116.28,117.47,211105.66
2025-02-12 04:00:00,117.47,118.03,115.74,116.96,160227.762
2025-02-12 08:00:00,116.95,118.85,116.09,116.9,134926.451
2025-02-12 12:00:00,116.9,117.94,111.33,115.86,429239.017
2025-02-12 16:00:00,115.87,125.0,115.39,123.79,457922.402
2025-02-12 20:00:00,123.8,124.57,121.17,122.04,204460.075
2025-02-13 00:00:00,122.05,129.32,121.5,124.35,348153.234
2025-02-13 04:00:00,124.36,125.06,120.7,121.79,187504.786
2025-02-13 08:00:00,121.78,122.6,120.28,121.92,157788.971
2025-02-13 12:00:00,121.93,124.0,118.85,122.45,221799.339
2025-02-13 16:00:00,122.45,129.11,120.76,125.48,309318.208
2025-02-13 20:00:00,125.45,127.99,124.14,126.61,163927.357
2025-02-14 00:00:00,126.62,128.61,124.76,127.52,204168.949
2025-02-14 04:00:00,127.53,127.54,125.81,127.04,119389.989
2025-02-14 08:00:00,127.04,133.87,126.43,130.05,534800.543
2025-02-14 12:00:00,130.04,130.46,126.69,127.95,338382.599
2025-02-14 16:00:00,127.93,130.56,125.24,127.45,253940.56
2025-02-14 20:00:00,127.46,128.35,124.39,124.91,125967.704
2025-02-15 00:00:00,124.9,130.54,124.31,129.54,155696.072
2025-02-15 04:00:00,129.55,132.15,127.65,129.56,189816.693
2025-02-15 08:00:00,129.56,133.39,129.47,131.97,246757.047
2025-02-15 12:00:00,131.98,135.0,130.77,133.85,321674.649
2025-02-15 16:00:00,133.86,135.0,129.76,130.25,292073.388
2025-02-15 20:00:00,130.25,133.99,129.2,133.86,133954.096
2025-02-16 00:00:00,133.86,137.5,132.26,134.83,340535.468
2025-02-16 04:00:00,134.83,136.9,132.34,132.45,216149.551
2025-02-16 08:00:00,132.43,133.01,131.02,131.76,162799.812
2025-02-16 12:00:00,131.76,132.46,125.75,127.06,394549.604
2025-02-16 16:00:00,127.05,127.81,125.04,126.59,145337.964
2025-02-16 20:00:00,126.58,127.89,125.12,125.71,123898.076
2025-02-17 00:00:00,125.72,128.86,124.22,124.63,215324.386
2025-02-17 04:00:00,124.64,127.52,123.14,125.49,191762.511
2025-02-17 08:00:00,125.5,126.47,123.8,124.24,152938.458
2025-02-17 12:00:00,124.23,126.29,121.76,122.08,339407.326
2025-02-17 16:00:00,122.08,123.61,120.0,121.06,333311.947
2025-02-17 20:00:00,121.06,124.96,120.63,122.31,116283.708
2025-02-18 00:00:00,122.31,126.12,121.46,125.39,132082.895
2025-02-18 04:00:00,125.39,126.09,119.85,122.57,225976.718
2025-02-18 08:00:00,122.58,125.65,122.58,125.03,179682.045
2025-02-18 12:00:00,125.02,128.46,123.83,124.79,329852.055
2025-02-18 16:00:00,124.8,128.36,120.69,125.69,417531.656
2025-02-18 20:00:00,125.7,129.85,125.17,129.75,226268.254
2025-02-19 00:00:00,129.75,134.1,129.7,133.12,464252.044
2025-02-19 04:00:00,133.12,135.41,130.07,134.79,283383.565
2025-02-19 08:00:00,134.79,140.0,134.63,135.92,522132.76
2025-02-19 12:00:00,135.92,137.7,133.4,136.53,391653.813
2025-02-19 16:00:00,136.54,138.48,134.02,135.78,248647.215
2025-02-19 20:00:00,135.78,136.87,133.19,134.88,183175.839
2025-02-20 00:00:00,134.88,135.23,129.84,132.87,348794.744
2025-02-20 04:00:00,132.86,133.43,128.6,129.58,228415.818
2025-02-20 08:00:00,129.57,130.96,127.96,129.87,280385.617
2025-02-20 12:00:00,129.88,130.73,126.6,127.89,342252.534
2025-02-20 16:00:00,127.9,129.89,125.86,127.66,217702.769
2025-02-20 20:00:00,127.66,130.94,126.84,130.82,255524.565
2025-02-21 00:00:00,130.82,139.33,130.22,134.87,691938.9
2025-02-21 04:00:00,134.87,136.28,132.38,132.79,197975.492
2025-02-21 08:00:00,132.79,136.21,132.75,135.16,264104.39
2025-02-21 12:00:00,135.16,140.17,129.43,132.84,672541.557
2025-02-21 16:00:00,132.84,135.12,123.65,124.49,549747.089
2025-02-21 20:00:00,124.48,129.38,124.18,128.1,293093.568
2025-02-22 00:00:00,128.1,131.2,126.74,128.17,241930.739
2025-02-22 04:00:00,128.16,130.52,127.46,127.49,146253.245
2025-02-22 08:00:00,127.49,128.92,126.55,127.97,158156.139
2025-02-22 12:00:00,127.98,128.9,126.82,128.55,150293.471
2025-02-22 16:00:00,128.54,129.17,126.71,126.99,125476.47
2025-02-22 20:00:00,127.0,127.15,125.58,125.9,119346.558
2025-02-23 00:00:00,125.91,126.97,125.17,126.27,94100.049
2025-02-23 04:00:00,126.27,128.2,125.88,128.17,74587.841
2025-02-23 08:00:00,128.17,128.85,126.76,127.86,97105.147
2025-02-23 12:00:00,127.86,129.61,126.33,127.15,156559.234
2025-02-23 16:00:00,127.15,129.0,126.78,127.96,94130.807
2025-02-23 20:00:00,127.97,130.44,127.6,129.85,69393.267
2025-02-24 00:00:00,129.86,130.5,121.56,122.02,212347.854
2025-02-24 04:00:00,122.02,125.42,121.3,123.91,171884.623
2025-02-24 08:00:00,123.92,124.66,121.81,124.26,155926.687
2025-02-24 12:00:00,124.26,124.44,120.16,122.4,248953.079
2025-02-24 16:00:00,122.41,124.31,120.62,121.81,168001.592
2025-02-24 20:00:00,121.81,123.81,112.01,114.77,485911.659
2025-02-25 00:00:00,114.78,117.32,112.68,114.31,389369.818
2025-02-25 04:00:00,114.32,115.0,106.08,110.05,566047.554
2025-02-25 08:00:00,110.05,113.61,109.3,112.58,419166.325
2025-02-25 12:00:00,112.58,114.01,108.93,111.73,314616.193
2025-02-25 16:00:00,111.73,113.95,109.87,113.77,163778.719
2025-02-25 20:00:00,113.76,117.07,112.95,114.55,193389.011
2025-02-26 00:00:00,114.55,121.62,113.96,118.76,333962.626
2025-02-26 04:00:00,118.76,119.97,117.19,119.23,144598.168
2025-02-26 08:00:00,119.23,127.31,118.1,125.31,444196.891
2025-02-26 12:00:00,125.31,128.94,120.91,126.38,675905.238
2025-02-26 16:00:00,126.38,128.15,121.34,121.99,509836.721
2025-02-26 20:00:00,122.0,128.9,121.48,124.68,412704.319
2025-02-27 00:00:00,124.68,126.36,122.87,124.02,260610.561
2025-02-27 04:00:00,124.01,130.35,121.73,129.52,402214.898
2025-02-27 08:00:00,129.53,132.0,128.23,129.54,441052.206
2025-02-27 12:00:00,129.55,131.73,123.01,128.71,625125.682
2025-02-27 16:00:00,128.71,128.79,124.28,124.7,241511.106
2025-02-27 20:00:00,124.7,128.1,123.14,126.86,275095.042
2025-02-28 00:00:00,126.86,127.48,119.31,122.74,575665.217
2025-02-28 04:00:00,122.74,123.68,115.56,115.91,521228.705
2025-02-28 08:00:00,115.91,121.7,114.05,119.42,461815.024
2025-02-28 12:00:00,119.41,126.91,118.98,125.01,514071.629
2025-02-28 16:00:00,124.99,128.22,123.25,127.81,260457.209
2025-02-28 20:00:00,127.8,129.59,126.71,128.04,221464.915
2025-03-01 00:00:00,128.03,129.46,126.02,128.24,158529.083
2025-03-01 04:00:00,128.23,131.0,126.09,126.27,197273.221
2025-03-01 08:00:00,126.28,127.92,124.69,125.27,169737.866
2025-03-01 12:00:00,125.28,125.99,122.93,125.2,172336.07
2025-03-01 16:00:00,125.2,126.02,124.11,124.77,85517.529
2025-03-01 20:00:00,124.77,126.4,123.58,124.31,84836.142
2025-03-02 00:00:00,124.31,124.82,122.29,122.76,100655.438
2025-03-02 04:00:00,122.77,124.13,121.79,122.23,102289.013
2025-03-02 08:00:00,122.23,123.05,121.42,122.48,125562.314
2025-03-02 12:00:00,122.48,124.87,117.46,121.44,506303.998
2025-03-02 16:00:00,121.45,130.0,119.54,126.46,903281.914
2025-03-02 20:00:00,126.47,129.38,124.98,127.89,253350.648
2025-03-03 00:00:00,127.89,130.4,123.66,124.73,398469.741
2025-03-03 04:00:00,124.73,125.03,116.96,118.72,390006.396
2025-03-03 08:00:00,118.73,118.87,114.6,116.83,357469.961
2025-03-03 12:00:00,116.83,119.27,112.48,113.72,497733.805
2025-03-03 16:00:00,113.73,115.86,107.13,107.63,393793.501
2025-03-03 20:00:00,107.65,110.99,106.7,109.89,252785.52
2025-03-04 00:00:00,109.9,110.94,101.1,104.18,490170.344
2025-03-04 04:00:00,104.18,106.23,100.57,101.11,306218.349
2025-03-04 08:00:00,101.12,103.99,100.45,102.75,205313.22
2025-03-04 12:00:00,102.75,106.33,98.92,100.01,712272.379
2025-03-04 16:00:00,100.0,104.85,93.93,103.81,612081.781
2025-03-04 20:00:00,103.81,104.75,101.11,103.66,195435.835
2025-03-05 00:00:00,103.65,105.5,101.67,102.16,162999.891
2025-03-05 04:00:00,102.16,103.56,101.96,102.47,85080.737
2025-03-05 08:00:00,102.46,106.87,102.19,103.84,232700.157
2025-03-05 12:00:00,103.84,104.87,100.61,101.98,239686.716
2025-03-05 16:00:00,101.98,104.68,101.47,104.02,139491.952
2025-03-05 20:00:00,104.02,105.34,103.81,104.73,103365.678
2025-03-06 00:00:00,104.73,107.6,103.64,107.37,160784.389
2025-03-06 04:00:00,107.37,113.0,106.96,108.1,357624.202
2025-03-06 08:00:00,108.1,109.69,107.08,107.21,157736.015
2025-03-06 12:00:00,107.22,107.42,104.05,105.4,249963.473
2025-03-06 16:00:00,105.41,105.7,102.11,103.23,149925.953
2025-03-06 20:00:00,103.22,104.59,102.55,103.39,92303.147
2025-03-07 00:00:00,103.39,104.55,97.29,100.79,371209.504
2025-03-07 04:00:00,100.79,102.91,100.55,102.7,109334.317
2025-03-07 08:00:00,102.69,105.36,101.88,105.34,121005.091
2025-03-07 12:00:00,105.34,105.96,103.38,104.2,207064.974
2025-03-07 16:00:00,104.19,105.72,102.15,105.07,173222.4
2025-03-07 20:00:00,105.06,106.68,102.38,103.71,184771.254
2025-03-08 00:00:00,103.71,106.41,102.96,106.17,124397.681
2025-03-08 04:00:00,106.17,109.05,104.78,105.39,146805.179
2025-03-08 08:00:00,105.38,105.76,103.69,104.39,93236.104
2025-03-08 12:00:00,104.39,105.64,103.45,103.9,97459.725
2025-03-08 16:00:00,103.9,104.94,102.84,104.38,60288.907
2025-03-08 20:00:00,104.38,104.42,101.77,102.34,56893.287
2025-03-09 00:00:00,102.34,102.77,100.84,101.4,68241.153
2025-03-09 04:00:00,101.4,101.55,99.87,101.41,82222.42
2025-03-09 08:00:00,101.41,101.69,98.5,99.64,121150.401
2025-03-09 12:00:00,99.64,100.68,97.51,99.95,272128.448
2025-03-09 16:00:00,99.94,100.96,95.15,97.31,220494.928
2025-03-09 20:00:00,97.31,97.94,93.61,94.62,140700.374
2025-03-10 00:00:00,94.63,96.47,92.96,95.51,164778.209
2025-03-10 04:00:00,95.52,97.66,95.4,96.33,101161.397
2025-03-10 08:00:00,96.33,99.1,94.46,98.14,182914.95
2025-03-10 12:00:00,98.14,98.69,91.23,92.91,243352.869
2025-03-10 16:00:00,92.91,93.12,86.26,89.28,387357.894
2025-03-10 20:00:00,89.28,89.49,87.0,87.48,158058.535
2025-03-11 00:00:00,87.49,88.96,83.28,87.29,341694.094
2025-03-11 04:00:00,87.3,89.49,87.0,88.04,153685.132
2025-03-11 08:00:00,88.03,89.81,87.71,89.01,137200.978
2025-03-11 12:00:00,89.01,90.33,86.1,90.0,270268.859
2025-03-11 16:00:00,90.0,93.29,89.62,91.81,299327.555
2025-03-11 20:00:00,91.81,92.38,90.21,90.46,62598.521
2025-03-12 00:00:00,90.45,91.94,88.54,88.66,123257.954
2025-03-12 04:00:00,88.67,90.25,88.07,90.01,73679.723
2025-03-12 08:00:00,90.01,91.17,89.3,90.93,99893.726
2025-03-12 12:00:00,90.93,93.0,87.3,89.79,253912.824
2025-03-12 16:00:00,89.78,91.69,89.54,91.23,85442.347
2025-03-12 20:00:00,91.23,91.98,91.02,91.51,53347.988
2025-03-13 00:00:00,91.5,91.77,90.4,90.45,98044.117
2025-03-13 04:00:00,90.45,90.7,88.81,89.29,74174.018
2025-03-13 08:00:00,89.28,90.55,88.29,90.25,110822.219
2025-03-13 12:00:00,90.23,91.37,88.05,88.57,167140.762
2025-03-13 16:00:00,88.58,88.69,86.28,86.64,112400.218
2025-03-13 20:00:00,86.65,88.77,86.36,88.08,64391.596
2025-03-14 00:00:00,88.09,89.59,87.81,89.08,65369.484
2025-03-14 04:00:00,89.08,89.56,88.55,89.31,45524.884
2025-03-14 08:00:00,89.31,90.7,89.2,90.4,72486.436
2025-03-14 12:00:00,90.39,92.84,89.61,91.4,183463.954
2025-03-14 16:00:00,91.39,92.53,90.93,91.76,82864.781
2025-03-14 20:00:00,91.76,92.28,90.82,91.31,59411.029
2025-03-15 00:00:00,91.32,92.18,90.96,92.14,44300.971
2025-03-15 04:00:00,92.14,92.5,91.09,91.57,61381.353
2025-03-15 08:00:00,91.57,93.99,91.52,93.89,153112.57
2025-03-15 12:00:00,93.9,94.25,92.55,92.67,105095.924
2025-03-15 16:00:00,92.68,93.69,92.36,92.96,79143.72
2025-03-15 20:00:00,92.96,93.5,92.24,92.47,49232.652
2025-03-16 00:00:00,92.47,92.69,91.25,92.27,54117.536
2025-03-16 04:00:00,92.28,92.65,91.74,92.14,33003.366
2025-03-16 08:00:00,92.14,92.49,88.6,88.87,139523.6
2025-03-16 12:00:00,88.87,89.84,88.34,89.22,106952.527
2025-03-16 16:00:00,89.23,91.2,89.03,89.43,102900.497
2025-03-16 20:00:00,89.43,91.09,89.26,90.22,55841.546
2025-03-17 00:00:00,90.22,94.12,90.21,93.33,158084.981
2025-03-17 04:00:00,93.32,94.4,91.42,92.25,140258.011
2025-03-17 08:00:00,92.25,93.93,91.59,93.03,114333.349
2025-03-17 12:00:00,93.03,94.1,92.13,93.5,195228.605
2025-03-17 16:00:00,93.49,95.0,92.71,93.48,167778.088
2025-03-17 20:00:00,93.49,93.52,92.04,92.3,73921.672
2025-03-18 00:00:00,92.3,92.33,89.51,89.92,106852.066
2025-03-18 04:00:00,89.91,90.35,88.88,89.5,80278.345
2025-03-18 08:00:00,89.51,90.23,88.52,88.63,107312.131
2025-03-18 12:00:00,88.61,89.34,87.1,88.22,159739.731
2025-03-18 16:00:00,88.21,88.78,87.56,88.55,137953.56
2025-03-18 20:00:00,88.55,90.19,87.76,90.03,89880.353
2025-03-19 00:00:00,90.03,91.01,89.31,90.64,87049.707
2025-03-19 04:00:00,90.65,90.78,89.51,89.64,88289.668
2025-03-19 08:00:00,89.64,91.83,89.61,91.5,147754.899
2025-03-19 12:00:00,91.5,92.3,90.25,92.16,171794.77
2025-03-19 16:00:00,92.15,92.78,90.49,92.34,139419.214
2025-03-19 20:00:00,92.34,94.25,92.25,94.09,109511.863
2025-03-20 00:00:00,94.09,94.57,93.17,93.58,100984.202
2025-03-20 04:00:00,93.57,93.92,92.07,92.15,65872.631
2025-03-20 08:00:00,92.16,92.96,91.0,91.79,103855.154
2025-03-20 12:00:00,91.79,93.0,91.37,91.6,118911.936
2025-03-20 16:00:00,91.59,92.62,90.07,92.61,138355.499
2025-03-20 20:00:00,92.61,93.4,92.42,93.29,81091.248
2025-03-21 00:00:00,93.29,93.48,92.19,92.45,51702.91
2025-03-21 04:00:00,92.45,93.6,92.45,92.7,62805.51
2025-03-21 08:00:00,92.71,93.91,92.01,93.18,110724.792
2025-03-21 12:00:00,93.18,93.73,92.07,93.41,76398.871
2025-03-21 16:00:00,93.42,93.94,92.23,92.57,94222.308
2025-03-21 20:00:00,92.58,92.88,90.82,90.84,49003.972
2025-03-22 00:00:00,90.83,91.39,90.38,91.13,70603.735
2025-03-22 04:00:00,91.13,91.6,90.87,91.08,41465.952
2025-03-22 08:00:00,91.08,91.82,90.83,91.49,44290.774
2025-03-22 12:00:00,91.48,91.58,90.56,90.91,32783.9
2025-03-22 16:00:00,90.91,92.21,90.76,92.08,53241.466
2025-03-22 20:00:00,92.08,92.22,91.01,91.37,34659.351
2025-03-23 00:00:00,91.37,92.2,91.37,91.89,41516.522
2025-03-23 04:00:00,91.9,91.93,91.16,91.66,22922.208
2025-03-23 08:00:00,91.66,92.55,91.55,92.22,48693.391
2025-03-23 12:00:00,92.21,93.0,91.76,92.74,59896.913
2025-03-23 16:00:00,92.74,92.86,91.14,91.3,48297.451
2025-03-23 20:00:00,91.29,91.52,90.63,91.48,53268.798
2025-03-24 00:00:00,91.48,92.6,90.81,92.24,128909.976
2025-03-24 04:00:00,92.24,93.69,92.02,92.78,140290.96
2025-03-24 08:00:00,92.77,94.0,92.77,93.72,96540.176
2025-03-24 12:00:00,93.73,94.98,92.65,94.13,133887.773
2025-03-24 16:00:00,94.13,95.0,93.33,94.56,81610.673
2025-03-24 20:00:00,94.57,95.6,93.14,93.77,107074.049
2025-03-25 00:00:00,93.77,94.34,91.91,92.26,72603.297
2025-03-25 04:00:00,92.26,92.92,91.9,92.37,56035.87
2025-03-25 08:00:00,92.36,93.49,92.29,93.1,67354.661
2025-03-25 12:00:00,93.11,94.77,92.78,93.43,135099.084
2025-03-25 16:00:00,93.42,94.02,92.67,93.65,58356.888
2025-03-25 20:00:00,93.65,94.64,92.88,94.36,118749.848
2025-03-26 00:00:00,94.36,96.1,93.26,93.61,120653.872
2025-03-26 04:00:00,93.61,95.9,93.52,95.71,58914.408
2025-03-26 08:00:00,95.71,96.52,95.13,96.13,86969.287
2025-03-26 12:00:00,96.13,96.45,92.76,93.07,146153.498
2025-03-26 16:00:00,93.06,93.53,90.9,92.14,112899.214
2025-03-26 20:00:00,92.12,93.1,91.62,92.42,49053.925
2025-03-27 00:00:00,92.42,93.9,92.32,93.75,50007.577
2025-03-27 04:00:00,93.76,94.37,93.35,94.3,49552.953
2025-03-27 08:00:00,94.3,95.02,93.61,93.76,127120.459
2025-03-27 12:00:00,93.75,94.25,92.23,93.3,101061.432
2025-03-27 16:00:00,93.3,93.52,92.17,92.6,61438.377
2025-03-27 20:00:00,92.6,93.24,92.34,92.79,38199.913
2025-03-28 00:00:00,92.79,93.43,91.99,92.43,43692.925
2025-03-28 04:00:00,92.43,92.55,88.16,88.34,159982.078
2025-03-28 08:00:00,88.35,89.1,87.3,88.22,131839.453
2025-03-28 12:00:00,88.22,88.48,86.75,87.25,126642.371
2025-03-28 16:00:00,87.25,87.61,86.0,86.39,100097.863
2025-03-28 20:00:00,86.39,87.53,85.71,87.35,70209.226
2025-03-29 00:00:00,87.36,88.04,85.93,87.43,57747.341
2025-03-29 04:00:00,87.41,87.67,85.73,86.13,65111.206
2025-03-29 08:00:00,86.12,87.04,85.0,85.76,125616.862
2025-03-29 12:00:00,85.77,87.05,85.64,86.05,59386.65
2025-03-29 16:00:00,86.07,86.36,84.16,85.76,110291.237
2025-03-29 20:00:00,85.76,85.77,84.49,85.46,52634.639
2025-03-30 00:00:00,85.46,86.81,84.68,86.24,41142.532
2025-03-30 04:00:00,86.23,86.79,85.79,86.13,31265.518
2025-03-30 08:00:00,86.14,86.78,85.78,85.99,43906.802
2025-03-30 12:00:00,85.99,86.68,85.01,86.43,58979.216
2025-03-30 16:00:00,86.43,86.79,85.59,86.4,41894.695
2025-03-30 20:00:00,86.41,86.58,84.78,86.1,32806.019
2025-03-31 00:00:00,86.11,86.27,84.47,84.77,66745.558
2025-03-31 04:00:00,84.78,85.74,83.34,83.71,76055.131
2025-03-31 08:00:00,83.71,84.38,80.8,82.26,196970.399
2025-03-31 12:00:00,82.25,83.73,81.13,83.22,165113.529
2025-03-31 16:00:00,83.23,84.3,82.58,83.33,61285.536
2025-03-31 20:00:00,83.33,84.07,82.77,82.97,45691.939
2025-04-01 00:00:00,82.98,84.13,82.86,83.75,49066.182
2025-04-01 04:00:00,83.76,84.83,83.58,84.23,47341.994
2025-04-01 08:00:00,84.22,85.79,83.92,84.12,82048.863
2025-04-01 12:00:00,84.12,85.9,83.46,85.65,117329.477
2025-04-01 16:00:00,85.66,85.9,84.51,84.71,90508.613
2025-04-01 20:00:00,84.72,85.26,84.05,84.48,40376.143
2025-04-02 00:00:00,84.48,84.49,82.39,82.93,50329.564
2025-04-02 04:00:00,82.9,84.75,81.15,81.74,144218.372
2025-04-02 08:00:00,81.74,83.28,81.5,82.38,51759.898
2025-04-02 12:00:00,82.39,87.3,82.12,85.7,184153.203
2025-04-02 16:00:00,85.7,87.12,84.87,86.76,105134.923
2025-04-02 20:00:00,86.76,88.56,80.95,81.54,249804.128
2025-04-03 00:00:00,81.53,84.8,81.0,83.49,104021.409
2025-04-03 04:00:00,83.49,84.4,83.39,83.6,109834.663
2025-04-03 08:00:00,83.61,84.66,81.61,82.7,71603.081
2025-04-03 12:00:00,82.7,82.85,80.12,81.85,153886.596
2025-04-03 16:00:00,81.85,82.6,81.21,82.11,52367.533
2025-04-03 20:00:00,82.12,83.52,82.02,83.45,56135.572
2025-04-04 00:00:00,83.45,83.69,82.56,83.27,30359.413
2025-04-04 04:00:00,83.27,84.82,83.0,84.78,39824.229
2025-04-04 08:00:00,84.78,85.12,81.61,82.51,100107.452
2025-04-04 12:00:00,82.5,84.87,81.95,84.47,137323.54
2025-04-04 16:00:00,84.46,84.95,83.23,84.36,77256.026
2025-04-04 20:00:00,84.36,84.96,83.96,84.41,56161.385
2025-04-05 00:00:00,84.41,84.98,84.22,84.54,29595.85
2025-04-05 04:00:00,84.55,84.83,83.59,83.99,26067.1
2025-04-05 08:00:00,84.0,84.05,83.35,83.54,25270.565
2025-04-05 12:00:00,83.55,83.55,82.06,82.2,39546.701
2025-04-05 16:00:00,82.2,82.53,81.83,81.94,26750.931
2025-04-05 20:00:00,81.94,82.84,81.62,82.67,24778.542
2025-04-06 00:00:00,82.68,83.13,81.98,82.34,24818.693
2025-04-06 04:00:00,82.34,82.52,81.55,81.73,31247.032
2025-04-06 08:00:00,81.73,81.88,80.95,81.19,48413.414
2025-04-06 12:00:00,81.19,81.43,78.1,78.89,186242.249
2025-04-06 16:00:00,78.88,78.99,71.68,72.88,302874.15
2025-04-06 20:00:00,72.89,73.2,68.41,70.62,312852.356
2025-04-07 00:00:00,70.63,71.77,67.27,68.05,216004.933
2025-04-07 04:00:00,68.05,68.73,63.08,64.51,519659.733
2025-04-07 08:00:00,64.5,68.24,63.79,67.05,320128.383
2025-04-07 12:00:00,67.06,73.04,66.71,70.06,572030.327
2025-04-07 16:00:00,70.04,71.59,69.16,70.71,158699.848
2025-04-07 20:00:00,70.72,72.35,70.71,70.99,66095.26
2025-04-08 00:00:00,70.99,72.87,70.14,71.98,78533.951
2025-04-08 04:00:00,71.98,72.9,70.87,71.48,70177.867
2025-04-08 08:00:00,71.47,73.34,70.92,73.22,125867.839
2025-04-08 12:00:00,73.23,73.53,71.06,71.54,159895.186
2025-04-08 16:00:00,71.53,71.59,68.24,68.86,235031.061
2025-04-08 20:00:00,68.85,69.86,68.5,69.15,78712.678
2025-04-09 00:00:00,69.16,70.06,66.51,68.28,127464.901
2025-04-09 04:00:00,68.27,70.92,68.19,70.57,210074.652
2025-04-09 08:00:00,70.57,71.9,69.48,69.94,166718.778
2025-04-09 12:00:00,69.94,72.12,69.65,71.43,106366.804
2025-04-09 16:00:00,71.44,78.55,71.3,77.32,412449.474
2025-04-09 20:00:00,77.32,78.02,75.89,76.03,103631.572
2025-04-10 00:00:00,76.03,76.12,73.86,74.48,149426.177
2025-04-10 04:00:00,74.48,75.09,73.72,74.12,73621.889
2025-04-10 08:00:00,74.12,74.66,73.18,73.75,69253.778
2025-04-10 12:00:00,73.74,74.66,71.09,71.45,152584.698
2025-04-10 16:00:00,71.44,73.08,71.07,72.72,97482.008
2025-04-10 20:00:00,72.72,73.94,72.69,73.81,33113.032
2025-04-11 00:00:00,73.81,75.38,73.73,75.01,63671.812
2025-04-11 04:00:00,75.0,76.1,74.84,75.77,67458.391
2025-04-11 08:00:00,75.77,77.55,75.48,76.07,116134.305
2025-04-11 12:00:00,76.07,76.7,75.55,76.31,80589.769
2025-04-11 16:00:00,76.32,77.31,75.94,76.84,52951.449
2025-04-11 20:00:00,76.83,77.21,75.98,76.19,72741.404
2025-04-12 00:00:00,76.19,76.3,75.1,75.29,31960.132
2025-04-12 04:00:00,75.28,76.3,74.92,76.24,67240.595
2025-04-12 08:00:00,76.24,76.86,75.7,76.35,37251.77
2025-04-12 12:00:00,76.35,80.11,76.02,79.02,192419.627
2025-04-12 16:00:00,79.03,79.44,78.02,78.65,69586.874
2025-04-12 20:00:00,78.65,79.39,78.14,78.62,57001.708
2025-04-13 00:00:00,78.63,79.06,77.68,78.21,40590.322
2025-04-13 04:00:00,78.21,78.99,77.26,78.93,52655.235
2025-04-13 08:00:00,78.94,79.63,78.36,78.87,66003.733
2025-04-13 12:00:00,78.87,79.41,77.54,78.13,75207.256
2025-04-13 16:00:00,78.13,80.03,76.75,77.89,80282.437
2025-04-13 20:00:00,77.89,78.91,76.41,77.85,50219.022
2025-04-14 00:00:00,77.85,80.67,77.72,78.86,75900.393
2025-04-14 04:00:00,78.86,79.61,77.2,77.94,57312.939
2025-04-14 08:00:00,77.94,78.62,77.06,78.5,86373.205
2025-04-14 12:00:00,78.5,79.41,76.34,76.44,125038.677
2025-04-14 16:00:00,76.43,77.5,75.66,77.07,83882.833
2025-04-14 20:00:00,77.08,77.5,76.51,77.18,34668.457
2025-04-15 00:00:00,77.19,78.57,76.72,78.44,36477.454
2025-04-15 04:00:00,78.45,78.72,77.65,78.28,31907.897
2025-04-15 08:00:00,78.27,78.36,77.0,77.21,42974.916
2025-04-15 12:00:00,77.21,78.27,75.44,75.67,83261.992
2025-04-15 16:00:00,75.67,75.91,74.65,75.25,80294.46
2025-04-15 20:00:00,75.25,76.4,75.01,75.27,37126.484
2025-04-16 00:00:00,75.28,76.53,74.68,75.97,42100.744
2025-04-16 04:00:00,75.97,76.27,75.2,75.58,41693.283
2025-04-16 08:00:00,75.58,76.28,74.54,75.03,58403.411
2025-04-16 12:00:00,75.04,75.79,73.57,74.97,91010.304
2025-04-16 16:00:00,74.97,76.07,73.27,75.3,135219.307
2025-04-16 20:00:00,75.3,75.81,74.11,74.33,41017.445
2025-04-17 00:00:00,74.34,75.3,73.92,74.2,36425.288
2025-04-17 04:00:00,74.21,75.73,73.96,75.47,65776.127
2025-04-17 08:00:00,75.47,75.73,74.43,75.22,38365.434
2025-04-17 12:00:00,75.22,75.58,73.67,75.13,54758.754
2025-04-17 16:00:00,75.13,76.6,74.71,75.11,96875.021
2025-04-17 20:00:00,75.1,75.69,74.64,74.95,24426.293
2025-04-18 00:00:00,74.94,75.39,74.59,75.31,29455.091
2025-04-18 04:00:00,75.31,75.7,74.84,75.57,32544.213
2025-04-18 08:00:00,75.57,75.99,75.43,75.72,29305.742
2025-04-18 12:00:00,75.72,76.12,75.5,75.91,26167.749
2025-04-18 16:00:00,75.9,77.08,75.36,76.49,84807.057
2025-04-18 20:00:00,76.49,76.69,75.79,76.0,29712.977
2025-04-19 00:00:00,76.0,76.59,75.75,76.58,25245.092
2025-04-19 04:00:00,76.58,76.77,76.03,76.23,31613.601
2025-04-19 08:00:00,76.23,76.5,75.92,76.01,20357.151
2025-04-19 12:00:00,76.0,76.27,75.63,75.67,36561.212
2025-04-19 16:00:00,75.67,76.24,74.24,75.71,81572.255
2025-04-19 20:00:00,75.7,76.55,75.62,76.1,24674.073
2025-04-20 00:00:00,76.1,76.66,76.07,76.64,31267.372
2025-04-20 04:00:00,76.63,76.97,76.22,76.64,39626.116
2025-04-20 08:00:00,76.64,76.71,75.39,75.65,36571.384
2025-04-20 12:00:00,75.66,76.47,75.6,75.96,29793.039
2025-04-20 16:00:00,75.96,77.69,75.93,77.6,39330.564
2025-04-20 20:00:00,77.6,78.5,77.33,77.79,36650.398
2025-04-21 00:00:00,77.8,79.84,77.69,79.0,59966.454
2025-04-21 04:00:00,79.0,80.55,78.56,80.36,74916.726
2025-04-21 08:00:00,80.36,81.85,79.78,80.18,97790.917
2025-04-21 12:00:00,80.19,80.81,79.58,79.88,58027.133
2025-04-21 16:00:00,79.88,79.98,77.45,78.32,143077.378
2025-04-21 20:00:00,78.31,78.32,77.41,78.15,31672.841
2025-04-22 00:00:00,78.14,79.54,77.38,78.71,49657.703
2025-04-22 04:00:00,78.7,79.75,78.25,79.65,38625.761
2025-04-22 08:00:00,79.65,80.12,79.01,79.74,48387.693
2025-04-22 12:00:00,79.74,83.04,79.6,82.61,191939.183
2025-04-22 16:00:00,82.63,83.39,82.21,82.99,115943.636
2025-04-22 20:00:00,82.99,84.7,82.62,83.49,82292.535
2025-04-23 00:00:00,83.5,85.18,83.16,84.88,151917.944
2025-04-23 04:00:00,84.88,85.22,83.63,84.57,124684.571
2025-04-23 08:00:00,84.57,85.18,83.83,84.1,102716.594
2025-04-23 12:00:00,84.09,85.18,82.22,83.58,142254.74
2025-04-23 16:00:00,83.59,84.36,82.51,82.88,96337.452
2025-04-23 20:00:00,82.89,83.51,82.72,83.28,34443.57
2025-04-24 00:00:00,83.27,84.15,81.75,81.78,74820.537
2025-04-24 04:00:00,81.77,82.94,81.66,81.86,62636.472
2025-04-24 08:00:00,81.87,82.17,80.77,81.71,82065.574
2025-04-24 12:00:00,81.71,83.85,81.25,83.4,95759.091
2025-04-24 16:00:00,83.39,83.88,82.57,83.39,57055.734
2025-04-24 20:00:00,83.39,84.62,82.96,84.29,46562.565
2025-04-25 00:00:00,84.3,84.85,82.89,83.77,41125.318
2025-04-25 04:00:00,83.77,85.19,83.52,84.9,51296.546
2025-04-25 08:00:00,84.9,85.83,84.46,85.83,87988.724
2025-04-25 12:00:00,85.83,87.26,84.88,86.53,140516.418
2025-04-25 16:00:00,86.53,87.19,85.48,86.58,70182.877
2025-04-25 20:00:00,86.57,87.24,86.21,86.28,36885.408
2025-04-26 00:00:00,86.29,88.04,86.29,87.53,64767.053
2025-04-26 04:00:00,87.52,87.96,86.54,87.07,33348.301
2025-04-26 08:00:00,87.06,87.87,85.58,85.89,59975.978
2025-04-26 12:00:00,85.9,86.77,85.21,86.63,40812.746
2025-04-26 16:00:00,86.62,87.55,86.13,87.13,46873.227
2025-04-26 20:00:00,87.13,87.89,86.72,87.06,31939.719
2025-04-27 00:00:00,87.06,87.59,85.8,85.97,36468.579
2025-04-27 04:00:00,85.98,86.11,84.56,85.46,48165.324
2025-04-27 08:00:00,85.46,86.55,85.28,86.31,37849.442
2025-04-27 12:00:00,86.31,87.19,85.59,86.24,72068.903
2025-04-27 16:00:00,86.24,87.11,86.0,87.07,31033.439
2025-04-27 20:00:00,87.07,87.09,85.35,85.39,32924.993
2025-04-28 00:00:00,85.38,85.76,83.7,85.41,67557.724
2025-04-28 04:00:00,85.41,87.49,85.39,87.47,67222.276
2025-04-28 08:00:00,87.47,88.1,86.27,87.2,79721.233
2025-04-28 12:00:00,87.2,87.28,83.96,84.5,97518.504
2025-04-28 16:00:00,84.5,85.67,83.84,85.46,60004.36
2025-04-28 20:00:00,85.46,86.22,84.96,85.67,34896.492
2025-04-29 00:00:00,85.67,87.05,85.42,86.64,65406.807
2025-04-29 04:00:00,86.64,86.96,85.25,86.83,56483.184
2025-04-29 08:00:00,86.83,86.91,85.25,85.67,87514.393
2025-04-29 12:00:00,85.67,85.92,84.96,85.23,51721.02
2025-04-29 16:00:00,85.23,87.5,85.12,86.5,93089.587
2025-04-29 20:00:00,86.5,86.63,84.48,85.57,73270.799
2025-04-30 00:00:00,85.56,86.62,85.21,86.11,74767.701
2025-04-30 04:00:00,86.12,86.31,84.52,84.74,55081.667
2025-04-30 08:00:00,84.74,85.34,84.53,85.09,61009.216
2025-04-30 12:00:00,85.1,85.17,81.43,82.84,143513.844
2025-04-30 16:00:00,82.85,83.81,82.47,83.69,50776.814
2025-04-30 20:00:00,83.69,84.63,83.26,83.51,44415.993
2025-05-01 00:00:00,83.52,84.9,83.3,84.22,38155.292
2025-05-01 04:00:00,84.23,85.31,84.03,84.95,68272.255
2025-05-01 08:00:00,84.95,87.14,84.9,86.96,78705.973
2025-05-01 12:00:00,86.97,88.16,86.1,87.56,96819.632
2025-05-01 16:00:00,87.56,89.81,87.56,89.28,99058.593
2025-05-01 20:00:00,89.28,91.0,88.78,88.85,94874.422
2025-05-02 00:00:00,88.85,91.04,88.63,90.02,59293.207
2025-05-02 04:00:00,90.02,90.19,87.93,87.93,69276.492
2025-05-02 08:00:00,87.94,89.26,87.92,88.56,46120.381
2025-05-02 12:00:00,88.55,89.49,88.06,88.3,64153.647
2025-05-02 16:00:00,88.3,89.25,87.34,87.51,48892.544
2025-05-02 20:00:00,87.5,88.0,86.95,87.97,36745.675
2025-05-03 00:00:00,87.96,87.99,87.22,87.26,24220.522
2025-05-03 04:00:00,87.26,87.66,86.62,86.84,29575.345
2025-05-03 08:00:00,86.85,87.36,86.17,86.18,31398.88
2025-05-03 12:00:00,86.18,87.49,86.17,86.82,36191.568
2025-05-03 16:00:00,86.83,87.18,85.53,87.09,35731.519
2025-05-03 20:00:00,87.09,87.2,86.46,86.55,26575.439
2025-05-04 00:00:00,86.55,86.9,85.66,86.06,30600.71
2025-05-04 04:00:00,86.06,86.84,85.77,86.34,24622.208
2025-05-04 08:00:00,86.34,86.35,85.61,85.88,31721.081
2025-05-04 12:00:00,85.88,86.88,85.56,86.65,46005.615
2025-05-04 16:00:00,86.64,86.79,85.85,86.36,58091.533
2025-05-04 20:00:00,86.35,86.82,84.79,85.05,95745.182
2025-05-05 00:00:00,85.05,86.48,84.65,86.02,65544.593
2025-05-05 04:00:00,86.02,88.48,85.96,87.95,74304.423
2025-05-05 08:00:00,87.96,89.51,87.57,88.06,123022.149
2025-05-05 12:00:00,88.06,88.77,85.65,85.73,100449.407
2025-05-05 16:00:00,85.73,87.79,84.29,84.48,128505.549
2025-05-05 20:00:00,84.47,84.47,82.19,83.25,131341.852
2025-05-06 00:00:00,83.25,83.6,81.7,82.78,86966.225
2025-05-06 04:00:00,82.78,83.2,81.77,81.96,109287.644
2025-05-06 08:00:00,81.96,82.27,80.99,81.75,91109.5
2025-05-06 12:00:00,81.76,83.14,81.18,82.29,82321.541
2025-05-06 16:00:00,82.29,84.66,81.86,84.34,74034.692
2025-05-06 20:00:00,84.34,92.71,83.6,91.6,364985.481
2025-05-07 00:00:00,91.6,93.7,91.18,92.34,346165.954
2025-05-07 04:00:00,92.34,92.66,91.06,92.52,137034.701
2025-05-07 08:00:00,92.51,93.3,91.14,91.2,98111.845
2025-05-07 12:00:00,91.2,91.54,88.78,88.79,99574.912
2025-05-07 16:00:00,88.79,88.88,87.21,87.66,112017.562
2025-05-07 20:00:00,87.66,91.01,87.51,89.53,124936.943
2025-05-08 00:00:00,89.52,92.1,89.39,91.69,195600.392
2025-05-08 04:00:00,91.7,93.47,91.23,92.49,168372.446
2025-05-08 08:00:00,92.5,93.12,91.81,92.1,109113.11
2025-05-08 12:00:00,92.1,94.39,91.03,93.15,179914.443
2025-05-08 16:00:00,93.15,93.53,92.09,92.92,119804.104
2025-05-08 20:00:00,92.93,95.46,92.56,94.99,138620.378
